Item_Code,RMSE,MAE,SMAPE
082.03.110.50.,40.90435999580811,36.5,35.800828981315604
082.04.030.50.,97.95619769400335,69.25,38.42953644515554
082.08.000.50.,23.25403190846697,18.083333333333332,32.58539246180419
084.19.001.50.,4.092676385936225,3.5833333333333335,125.29651622338923
085.00.003.50.,94.65771671307805,80.91666666666667,35.62416339805332
336.40.401.50.,60.4490143288816,45.083333333333336,54.04724037615755
351.03.301.50.,6.3966136874651625,4.416666666666667,150.6886029292977
993.00.311.00.,111.27331216423819,91.08333333333333,58.91360456750197
