Item_Code,RMSE,MAE,SMAPE
082.03.110.50.,22.46664193866097,18.583333333333332,18.041281765807287
082.04.030.50.,61.76028929120502,45.0,24.519220755060555
082.08.000.50.,19.15941891951145,16.083333333333332,28.32527457963885
084.19.001.50.,3.8837267325770144,3.4166666666666665,122.95812578624438
085.00.003.50.,66.414104927593,57.833333333333336,25.894530003789377
336.40.401.50.,67.83804242458652,57.5,68.41368748428356
351.03.301.50.,7.029698902987714,4.75,129.9977344437216
993.00.311.00.,73.77781961176859,50.666666666666664,43.79029025241111
