Item_Code,LinearRegression,RandomForest,GradientBoosting,XGBoost
082.03.110.50.,134.41027691633877,140.4298919390028,129.4381165590042,141.59944838307402
082.04.030.50.,95.8262605377591,82.31716806555808,61.629315977014016,81.82607252523417
082.08.000.50.,76.11592929350113,79.04265341151783,78.28167726594216,87.17554873055686
084.19.001.50.,5.375040256132379,5.81322916573339,6.605082328470174,7.243503429977528
085.00.003.50.,153.4274497110967,124.6590647192039,125.48661653304015,190.03160313544876
336.40.401.50.,34.298761081166774,57.10465793902748,63.32963393916031,84.89731668946213
351.03.301.50.,27.355943048554558,26.965824092634513,26.82867012392804,28.190791496222687
993.00.311.00.,161.7393334751745,144.80219467719863,128.8253049538507,134.70142069856306
