Item_Code,AR,MA,ARMA,ARIMA,SARIMA,Prophet
082.03.110.50.,51.085478068357055,51.50865587081493,51.54008224374087,52.343701891544555,51.71510768726087,105.11510308851001
082.04.030.50.,73.17445840129832,73.33910504927665,73.34707315465987,73.70987205819556,85.44985204395165,101.94675516181287
082.08.000.50.,76.09282681917756,76.0980789926407,76.09312492795019,75.49986475929376,75.4897243631649,69.52274065432191
084.19.001.50.,4.14221349741878,4.138138613155669,4.138757017743841,4.144920010814203,4.1428514573634505,4.32315288510604
085.00.003.50.,117.30064016163344,116.7565019769605,117.53566454246484,121.14132558439309,119.12516887800726,171.08462497304015
336.40.401.50.,41.468478179732045,41.96045513896115,41.865741814276475,42.04860839989153,42.105218381489536,85.08275725439842
351.03.301.50.,24.177296206471656,24.177240764511314,24.1963105887028,24.177432525941406,24.20972082687137,24.28988376095192
993.00.311.00.,114.30575890747087,114.30579333117139,116.44798488276412,120.87007194346332,120.8760223628963,140.9959627539102
